necraft:stone,1
minecraft:granite,1
minecraft:polished_granite,1
minecraft:diorite,1
minecraft:polished_diorite,1
minecraft:andesite,1
minecraft:polished_andesite,1
minecraft:deepslate,1
minecraft:cobbled_deepslate,1
minecraft:polished_deepslate,1
minecraft:calcite,1
minecraft:tuff,1
minecraft:tuff_slab,1
minecraft:tuff_stairs,1
minecraft:tuff_wall,1
minecraft:chiseled_tuff,1
minecraft:polished_tuff,1
minecraft:polished_tuff_slab,1
minecraft:polished_tuff_stairs,1
minecraft:polished_tuff_wall,1
minecraft:tuff_bricks,1
minecraft:tuff_brick_slab,1
minecraft:tuff_brick_stairs,1
minecraft:tuff_brick_wall,1
minecraft:chiseled_tuff_bricks,1
minecraft:dripstone_block,1
minecraft:grass_block,1
minecraft:dirt,1
minecraft:coarse_dirt,1
minecraft:podzol,1
minecraft:rooted_dirt,1
minecraft:mud,2
minecraft:crimson_nylium,2
minecraft:warped_nylium,2
minecraft:cobblestone,1
minecraft:oak_planks,1
minecraft:spruce_planks,1
minecraft:birch_planks,1
minecraft:jungle_planks,1
minecraft:acacia_planks,1
minecraft:cherry_planks,1
minecraft:dark_oak_planks,1
minecraft:mangrove_planks,2
minecraft:bamboo_planks,1
minecraft:crimson_planks,2
minecraft:warped_planks,2
minecraft:bamboo_mosaic,1
minecraft:oak_sapling,1
minecraft:spruce_sapling,1
minecraft:birch_sapling,1
minecraft:jungle_sapling,1
minecraft:acacia_sapling,1
minecraft:cherry_sapling,1
minecraft:dark_oak_sapling,1
minecraft:mangrove_propagule,2
minecraft:sand,1
minecraft:red_sand,1
minecraft:gravel,1
minecraft:coal_ore,2
minecraft:deepslate_coal_ore,2
minecraft:iron_ore,2
minecraft:deepslate_iron_ore,2
minecraft:copper_ore,2
minecraft:deepslate_copper_ore,2
minecraft:gold_ore,2
minecraft:deepslate_gold_ore,2
minecraft:redstone_ore,2
minecraft:deepslate_redstone_ore,2
minecraft:emerald_ore,2
minecraft:deepslate_emerald_ore,2
minecraft:lapis_ore,2
minecraft:deepslate_lapis_ore,2
minecraft:diamond_ore,2
minecraft:deepslate_diamond_ore,2
minecraft:nether_gold_ore,2
minecraft:nether_quartz_ore,2
minecraft:ancient_debris,3
minecraft:coal_block,2
minecraft:raw_iron_block,2
minecraft:raw_copper_block,2
minecraft:raw_gold_block,2
minecraft:iron_block,2
minecraft:copper_block,2
minecraft:gold_block,2
minecraft:diamond_block,2
minecraft:netherite_block,4
minecraft:exposed_copper,4
minecraft:weathered_copper,4
minecraft:oxidized_copper,4
minecraft:chiseled_copper,4
minecraft:exposed_chiseled_copper,4
minecraft:weathered_chiseled_copper,4
minecraft:oxidized_chiseled_copper,4
minecraft:cut_copper,4
minecraft:exposed_cut_copper,4
minecraft:weathered_cut_copper,4
minecraft:oxidized_cut_copper,4
minecraft:cut_copper_stairs,4
minecraft:exposed_cut_copper_stairs,4
minecraft:weathered_cut_copper_stairs,4
minecraft:oxidized_cut_copper_stairs,4
minecraft:cut_copper_slab,4
minecraft:exposed_cut_copper_slab,4
minecraft:weathered_cut_copper_slab,4
minecraft:oxidized_cut_copper_slab,4
minecraft:waxed_copper_block,4
minecraft:waxed_exposed_copper,4
minecraft:waxed_weathered_copper,4
minecraft:waxed_oxidized_copper,4
minecraft:waxed_chiseled_copper,4
minecraft:waxed_exposed_chiseled_copper,4
minecraft:waxed_weathered_chiseled_copper,4
minecraft:waxed_oxidized_chiseled_copper,4
minecraft:waxed_cut_copper,4
minecraft:waxed_exposed_cut_copper,4
minecraft:waxed_weathered_cut_copper,4
minecraft:waxed_oxidized_cut_copper,4
minecraft:waxed_cut_copper_stairs,4
minecraft:waxed_exposed_cut_copper_stairs,4
minecraft:waxed_weathered_cut_copper_stairs,4
minecraft:waxed_oxidized_cut_copper_stairs,4
minecraft:waxed_cut_copper_slab,4
minecraft:waxed_exposed_cut_copper_slab,4
minecraft:waxed_weathered_cut_copper_slab,4
minecraft:waxed_oxidized_cut_copper_slab,4
minecraft:oak_log,1
minecraft:spruce_log,1
minecraft:birch_log,1
minecraft:jungle_log,1
minecraft:acacia_log,1
minecraft:cherry_log,1
minecraft:dark_oak_log,1
minecraft:mangrove_log,2
minecraft:mangrove_roots,2
minecraft:muddy_mangrove_roots,2
minecraft:crimson_stem,2
minecraft:warped_stem,2
minecraft:bamboo_block,1
minecraft:stripped_oak_log,1
minecraft:stripped_spruce_log,1
minecraft:stripped_birch_log,1
minecraft:stripped_jungle_log,1
minecraft:stripped_acacia_log,1
minecraft:stripped_cherry_log,1
minecraft:stripped_dark_oak_log,1
minecraft:stripped_mangrove_log,2
minecraft:stripped_crimson_stem,2
minecraft:stripped_warped_stem,2
minecraft:stripped_oak_wood,1
minecraft:stripped_spruce_wood,1
minecraft:stripped_birch_wood,1
minecraft:stripped_jungle_wood,1
minecraft:stripped_acacia_wood,1
minecraft:stripped_cherry_wood,1
minecraft:stripped_dark_oak_wood,1
minecraft:stripped_mangrove_wood,2
minecraft:stripped_crimson_hyphae,2
minecraft:stripped_warped_hyphae,2
minecraft:stripped_bamboo_block,1
minecraft:oak_wood,1
minecraft:spruce_wood,1
minecraft:birch_wood,1
minecraft:jungle_wood,1
minecraft:acacia_wood,1
minecraft:cherry_wood,1
minecraft:dark_oak_wood,1
minecraft:mangrove_wood,2
minecraft:crimson_hyphae,2
minecraft:warped_hyphae,2
minecraft:oak_leaves,1
minecraft:spruce_leaves,1
minecraft:birch_leaves,1
minecraft:jungle_leaves,1
minecraft:acacia_leaves,1
minecraft:cherry_leaves,1
minecraft:dark_oak_leaves,1
minecraft:mangrove_leaves,2
minecraft:azalea_leaves,1
minecraft:flowering_azalea_leaves,1
minecraft:sponge,3
minecraft:wet_sponge,3
minecraft:glass,1
minecraft:tinted_glass,1
minecraft:lapis_block,2
minecraft:sandstone,1
minecraft:chiseled_sandstone,1
minecraft:cut_sandstone,1
minecraft:cobweb,3
minecraft:short_grass,1
minecraft:fern,1
minecraft:azalea,1
minecraft:flowering_azalea,1
minecraft:dead_bush,1
minecraft:seagrass,1
minecraft:sea_pickle,1
minecraft:white_wool,1
minecraft:orange_wool,1
minecraft:magenta_wool,1
minecraft:light_blue_wool,1
minecraft:yellow_wool,1
minecraft:lime_wool,1
minecraft:pink_wool,1
minecraft:gray_wool,1
minecraft:light_gray_wool,1
minecraft:cyan_wool,1
minecraft:purple_wool,1
minecraft:blue_wool,1
minecraft:brown_wool,1
minecraft:green_wool,1
minecraft:red_wool,1
minecraft:black_wool,1
minecraft:dandelion,1
minecraft:poppy,1
minecraft:blue_orchid,1
minecraft:allium,1
minecraft:azure_bluet,1
minecraft:red_tulip,1
minecraft:orange_tulip,1
minecraft:white_tulip,1
minecraft:pink_tulip,1
minecraft:oxeye_daisy,1
minecraft:cornflower,1
minecraft:lily_of_the_valley,1
minecraft:wither_rose,2
minecraft:torchflower,3
minecraft:pitcher_plant,2
minecraft:spore_blossom,3
minecraft:brown_mushroom,1
minecraft:red_mushroom,1
minecraft:crimson_fungus,3
minecraft:warped_fungus,3
minecraft:crimson_roots,3
minecraft:warped_roots,3
minecraft:nether_sprouts,3
minecraft:weeping_vines,3
minecraft:twisting_vines,3
minecraft:sugar_cane,1
minecraft:kelp,1
minecraft:moss_carpet,1
minecraft:pink_petals,1
minecraft:moss_block,1
minecraft:hanging_roots,1
minecraft:big_dripleaf,1
minecraft:small_dripleaf,1
minecraft:bamboo,1
minecraft:oak_slab,1
minecraft:spruce_slab,1
minecraft:birch_slab,1
minecraft:jungle_slab,1
minecraft:acacia_slab,1
minecraft:cherry_slab,1
minecraft:dark_oak_slab,1
minecraft:mangrove_slab,2
minecraft:bamboo_slab,1
minecraft:bamboo_mosaic_slab,1
minecraft:crimson_slab,2
minecraft:warped_slab,2
minecraft:stone_slab,1
minecraft:smooth_stone_slab,1
minecraft:sandstone_slab,1
minecraft:cut_sandstone_slab,1
minecraft:petrified_oak_slab,2
minecraft:cobblestone_slab,1
minecraft:brick_slab,1
minecraft:stone_brick_slab,1
minecraft:mud_brick_slab,1
minecraft:nether_brick_slab,3
minecraft:quartz_slab,2
minecraft:red_sandstone_slab,1
minecraft:cut_red_sandstone_slab,1
minecraft:purpur_slab,5
minecraft:prismarine_slab,2
minecraft:prismarine_brick_slab,2
minecraft:dark_prismarine_slab,2
minecraft:smooth_quartz,2
minecraft:smooth_red_sandstone,1
minecraft:smooth_sandstone,1
minecraft:smooth_stone,1
minecraft:bricks,1
minecraft:bookshelf,1
minecraft:chiseled_bookshelf,1
minecraft:decorated_pot,1
minecraft:mossy_cobblestone,1
minecraft:obsidian,2
minecraft:torch,1
minecraft:end_rod,5
minecraft:chorus_plant,5
minecraft:chorus_flower,5
minecraft:purpur_block,5
minecraft:purpur_pillar,5
minecraft:purpur_stairs,5
minecraft:spawner,3
minecraft:chest,1
minecraft:crafting_table,1
minecraft:furnace,1
minecraft:ladder,1
minecraft:cobblestone_stairs,1
minecraft:snow,1
minecraft:ice,1
minecraft:snow_block,1
minecraft:cactus,1
minecraft:clay,1
minecraft:jukebox,2
minecraft:oak_fence,1
minecraft:spruce_fence,1
minecraft:birch_fence,1
minecraft:jungle_fence,1
minecraft:acacia_fence,1
minecraft:cherry_fence,1
minecraft:dark_oak_fence,1
minecraft:mangrove_fence,2
minecraft:bamboo_fence,1
minecraft:crimson_fence,2
minecraft:warped_fence,2
minecraft:pumpkin,1
minecraft:carved_pumpkin,1
minecraft:jack_o_lantern,1
minecraft:netherrack,2
minecraft:soul_sand,2
minecraft:soul_soil,2
minecraft:basalt,2
minecraft:polished_basalt,2
minecraft:smooth_basalt,2
minecraft:soul_torch,2
minecraft:glowstone,3
minecraft:stone_bricks,1
minecraft:mossy_stone_bricks,1
minecraft:cracked_stone_bricks,1
minecraft:chiseled_stone_bricks,1
minecraft:packed_mud,1
minecraft:mud_bricks,1
minecraft:deepslate_bricks,2
minecraft:cracked_deepslate_bricks,2
minecraft:deepslate_tiles,2
minecraft:cracked_deepslate_tiles,2
minecraft:chiseled_deepslate,2
minecraft:brown_mushroom_block,1
minecraft:red_mushroom_block,1
minecraft:mushroom_stem,1
minecraft:iron_bars,2
minecraft:chain,2
minecraft:glass_pane,1
minecraft:melon,1
minecraft:vine,1
minecraft:glow_lichen,1
minecraft:brick_stairs,1
minecraft:stone_brick_stairs,1
minecraft:mud_brick_stairs,1
minecraft:mycelium,1
minecraft:lily_pad,1
minecraft:nether_bricks,3
minecraft:cracked_nether_bricks,3
minecraft:chiseled_nether_bricks,3
minecraft:nether_brick_fence,3
minecraft:nether_brick_stairs,3
minecraft:sculk,3
minecraft:sculk_vein,3
minecraft:sculk_catalyst,3
minecraft:sculk_shrieker,3
minecraft:enchanting_table,2
minecraft:end_stone,5
minecraft:end_stone_bricks,5
minecraft:dragon_egg,5
minecraft:sandstone_stairs,1
minecraft:ender_chest,2
minecraft:emerald_block,2
minecraft:oak_stairs,1
minecraft:spruce_stairs,1
minecraft:birch_stairs,1
minecraft:jungle_stairs,1
minecraft:acacia_stairs,1
minecraft:cherry_stairs,1
minecraft:dark_oak_stairs,1
minecraft:mangrove_stairs,2
minecraft:bamboo_stairs,1
minecraft:bamboo_mosaic_stairs,1
minecraft:crimson_stairs,2
minecraft:warped_stairs,2
minecraft:beacon,4
minecraft:cobblestone_wall,1
minecraft:mossy_cobblestone_wall,1
minecraft:brick_wall,1
minecraft:prismarine_wall,2
minecraft:red_sandstone_wall,1
minecraft:mossy_stone_brick_wall,1
minecraft:granite_wall,1
minecraft:stone_brick_wall,1
minecraft:mud_brick_wall,1
minecraft:nether_brick_wall,3
minecraft:andesite_wall,1
minecraft:red_nether_brick_wall,3
minecraft:sandstone_wall,1
minecraft:end_stone_brick_wall,5
minecraft:diorite_wall,1
minecraft:blackstone_wall,2
minecraft:polished_blackstone_wall,2
minecraft:polished_blackstone_brick_wall,2
minecraft:cobbled_deepslate_wall,1
minecraft:polished_deepslate_wall,1
minecraft:deepslate_brick_wall,2
minecraft:deepslate_tile_wall,2
minecraft:anvil,2
minecraft:chipped_anvil,2
minecraft:damaged_anvil,2
minecraft:chiseled_quartz_block,2
minecraft:quartz_block,2
minecraft:quartz_bricks,2
minecraft:quartz_pillar,2
minecraft:quartz_stairs,2
minecraft:white_terracotta,1
minecraft:orange_terracotta,1
minecraft:magenta_terracotta,1
minecraft:light_blue_terracotta,1
minecraft:yellow_terracotta,1
minecraft:lime_terracotta,1
minecraft:pink_terracotta,1
minecraft:gray_terracotta,1
minecraft:light_gray_terracotta,1
minecraft:cyan_terracotta,1
minecraft:purple_terracotta,1
minecraft:blue_terracotta,1
minecraft:brown_terracotta,1
minecraft:green_terracotta,1
minecraft:red_terracotta,1
minecraft:black_terracotta,1
minecraft:hay_block,1
minecraft:white_carpet,1
minecraft:orange_carpet,1
minecraft:magenta_carpet,1
minecraft:light_blue_carpet,1
minecraft:yellow_carpet,1
minecraft:lime_carpet,1
minecraft:pink_carpet,1
minecraft:gray_carpet,1
minecraft:light_gray_carpet,1
minecraft:cyan_carpet,1
minecraft:purple_carpet,1
minecraft:blue_carpet,1
minecraft:brown_carpet,1
minecraft:green_carpet,1
minecraft:red_carpet,1
minecraft:black_carpet,1
minecraft:terracotta,1
minecraft:packed_ice,1
minecraft:sunflower,1
minecraft:lilac,1
minecraft:rose_bush,1
minecraft:peony,1
minecraft:tall_grass,1
minecraft:large_fern,1
minecraft:white_stained_glass,1
minecraft:orange_stained_glass,1
minecraft:magenta_stained_glass,1
minecraft:light_blue_stained_glass,1
minecraft:yellow_stained_glass,1
minecraft:lime_stained_glass,1
minecraft:pink_stained_glass,1
minecraft:gray_stained_glass,1
minecraft:light_gray_stained_glass,1
minecraft:cyan_stained_glass,1
minecraft:purple_stained_glass,1
minecraft:blue_stained_glass,1
minecraft:brown_stained_glass,1
minecraft:green_stained_glass,1
minecraft:red_stained_glass,1
minecraft:black_stained_glass,1
minecraft:white_stained_glass_pane,1
minecraft:orange_stained_glass_pane,1
minecraft:magenta_stained_glass_pane,1
minecraft:light_blue_stained_glass_pane,1
minecraft:yellow_stained_glass_pane,1
minecraft:lime_stained_glass_pane,1
minecraft:pink_stained_glass_pane,1
minecraft:gray_stained_glass_pane,1
minecraft:light_gray_stained_glass_pane,1
minecraft:cyan_stained_glass_pane,1
minecraft:purple_stained_glass_pane,1
minecraft:blue_stained_glass_pane,1
minecraft:brown_stained_glass_pane,1
minecraft:green_stained_glass_pane,1
minecraft:red_stained_glass_pane,1
minecraft:black_stained_glass_pane,1
minecraft:prismarine,2
minecraft:prismarine_bricks,2
minecraft:dark_prismarine,2
minecraft:prismarine_stairs,2
minecraft:prismarine_brick_stairs,2
minecraft:dark_prismarine_stairs,2
minecraft:sea_lantern,3
minecraft:red_sandstone,1
minecraft:chiseled_red_sandstone,1
minecraft:cut_red_sandstone,1
minecraft:red_sandstone_stairs,1
minecraft:magma_block,2
minecraft:nether_wart_block,2
minecraft:warped_wart_block,2
minecraft:red_nether_bricks,3
minecraft:bone_block,1
minecraft:shulker_box,5
minecraft:white_shulker_box,5
minecraft:orange_shulker_box,5
minecraft:magenta_shulker_box,5
minecraft:light_blue_shulker_box,5
minecraft:yellow_shulker_box,5
minecraft:lime_shulker_box,5
minecraft:pink_shulker_box,5
minecraft:gray_shulker_box,5
minecraft:light_gray_shulker_box,5
minecraft:cyan_shulker_box,5
minecraft:purple_shulker_box,5
minecraft:blue_shulker_box,5
minecraft:brown_shulker_box,5
minecraft:green_shulker_box,5
minecraft:red_shulker_box,5
minecraft:black_shulker_box,5
minecraft:white_glazed_terracotta,1
minecraft:orange_glazed_terracotta,1
minecraft:magenta_glazed_terracotta,1
minecraft:light_blue_glazed_terracotta,1
minecraft:yellow_glazed_terracotta,1
minecraft:lime_glazed_terracotta,1
minecraft:pink_glazed_terracotta,1
minecraft:gray_glazed_terracotta,1
minecraft:light_gray_glazed_terracotta,1
minecraft:cyan_glazed_terracotta,1
minecraft:purple_glazed_terracotta,1
minecraft:blue_glazed_terracotta,1
minecraft:brown_glazed_terracotta,1
minecraft:green_glazed_terracotta,1
minecraft:red_glazed_terracotta,1
minecraft:black_glazed_terracotta,1
minecraft:white_concrete,1
minecraft:orange_concrete,1
minecraft:magenta_concrete,1
minecraft:light_blue_concrete,1
minecraft:yellow_concrete,1
minecraft:lime_concrete,1
minecraft:pink_concrete,1
minecraft:gray_concrete,1
minecraft:light_gray_concrete,1
minecraft:cyan_concrete,1
minecraft:purple_concrete,1
minecraft:blue_concrete,1
minecraft:brown_concrete,1
minecraft:green_concrete,1
minecraft:red_concrete,1
minecraft:black_concrete,1
minecraft:white_concrete_powder,1
minecraft:orange_concrete_powder,1
minecraft:magenta_concrete_powder,1
minecraft:light_blue_concrete_powder,1
minecraft:yellow_concrete_powder,1
minecraft:lime_concrete_powder,1
minecraft:pink_concrete_powder,1
minecraft:gray_concrete_powder,1
minecraft:light_gray_concrete_powder,1
minecraft:cyan_concrete_powder,1
minecraft:purple_concrete_powder,1
minecraft:blue_concrete_powder,1
minecraft:brown_concrete_powder,1
minecraft:green_concrete_powder,1
minecraft:red_concrete_powder,1
minecraft:black_concrete_powder,1
minecraft:turtle_egg,1
minecraft:sniffer_egg,4
minecraft:dead_tube_coral_block,1
minecraft:dead_brain_coral_block,1
minecraft:dead_bubble_coral_block,1
minecraft:dead_fire_coral_block,1
minecraft:dead_horn_coral_block,1
minecraft:tube_coral_block,1
minecraft:brain_coral_block,1
minecraft:bubble_coral_block,1
minecraft:fire_coral_block,1
minecraft:horn_coral_block,1
minecraft:tube_coral,1
minecraft:brain_coral,1
minecraft:bubble_coral,1
minecraft:fire_coral,1
minecraft:horn_coral,1
minecraft:dead_brain_coral,1
minecraft:dead_bubble_coral,1
minecraft:dead_fire_coral,1
minecraft:dead_horn_coral,1
minecraft:dead_tube_coral,1
minecraft:tube_coral_fan,1
minecraft:brain_coral_fan,1
minecraft:bubble_coral_fan,1
minecraft:fire_coral_fan,1
minecraft:horn_coral_fan,1
minecraft:dead_tube_coral_fan,1
minecraft:dead_brain_coral_fan,1
minecraft:dead_bubble_coral_fan,1
minecraft:dead_fire_coral_fan,1
minecraft:dead_horn_coral_fan,1
minecraft:blue_ice,2
minecraft:conduit,2
minecraft:polished_granite_stairs,1
minecraft:smooth_red_sandstone_stairs,1
minecraft:mossy_stone_brick_stairs,1
minecraft:polished_diorite_stairs,1
minecraft:mossy_cobblestone_stairs,1
minecraft:end_stone_brick_stairs,5
minecraft:stone_stairs,1
minecraft:smooth_sandstone_stairs,1
minecraft:smooth_quartz_stairs,2
minecraft:granite_stairs,1
minecraft:andesite_stairs,1
minecraft:red_nether_brick_stairs,3
minecraft:polished_andesite_stairs,1
minecraft:diorite_stairs,1
minecraft:cobbled_deepslate_stairs,1
minecraft:polished_deepslate_stairs,1
minecraft:deepslate_brick_stairs,2
minecraft:deepslate_tile_stairs,2
minecraft:polished_granite_slab,1
minecraft:smooth_red_sandstone_slab,1
minecraft:mossy_stone_brick_slab,1
minecraft:polished_diorite_slab,1
minecraft:mossy_cobblestone_slab,1
minecraft:end_stone_brick_slab,5
minecraft:smooth_sandstone_slab,1
minecraft:smooth_quartz_slab,2
minecraft:granite_slab,1
minecraft:andesite_slab,1
minecraft:red_nether_brick_slab,3
minecraft:polished_andesite_slab,1
minecraft:diorite_slab,1
minecraft:cobbled_deepslate_slab,1
minecraft:polished_deepslate_slab,1
minecraft:deepslate_brick_slab,2
minecraft:deepslate_tile_slab,2
minecraft:scaffolding,1
minecraft:redstone,2
minecraft:redstone_torch,2
minecraft:redstone_block,2
minecraft:repeater,2
minecraft:comparator,2
minecraft:piston,2
minecraft:sticky_piston,2
minecraft:slime_block,1
minecraft:honey_block,1
minecraft:observer,2
minecraft:hopper,1
minecraft:dispenser,1
minecraft:dropper,1
minecraft:lectern,1
minecraft:target,1
minecraft:lever,1
minecraft:lightning_rod,4
minecraft:daylight_detector,2
minecraft:sculk_sensor,3
minecraft:calibrated_sculk_sensor,3
minecraft:tripwire_hook,1
minecraft:trapped_chest,1
minecraft:tnt,1
minecraft:redstone_lamp,3
minecraft:note_block,1
minecraft:stone_button,1
minecraft:polished_blackstone_button,2
minecraft:oak_button,1
minecraft:spruce_button,1
minecraft:birch_button,1
minecraft:jungle_button,1
minecraft:acacia_button,1
minecraft:cherry_button,1
minecraft:dark_oak_button,1
minecraft:mangrove_button,2
minecraft:bamboo_button,1
minecraft:crimson_button,2
minecraft:warped_button,2
minecraft:stone_pressure_plate,1
minecraft:polished_blackstone_pressure_plate,2
minecraft:light_weighted_pressure_plate,2
minecraft:heavy_weighted_pressure_plate,2
minecraft:oak_pressure_plate,1
minecraft:spruce_pressure_plate,1
minecraft:birch_pressure_plate,1
minecraft:jungle_pressure_plate,1
minecraft:acacia_pressure_plate,1
minecraft:cherry_pressure_plate,1
minecraft:dark_oak_pressure_plate,1
minecraft:mangrove_pressure_plate,2
minecraft:bamboo_pressure_plate,1
minecraft:crimson_pressure_plate,2
minecraft:warped_pressure_plate,2
minecraft:iron_door,2
minecraft:oak_door,1
minecraft:spruce_door,1
minecraft:birch_door,1
minecraft:jungle_door,1
minecraft:acacia_door,1
minecraft:cherry_door,1
minecraft:dark_oak_door,1
minecraft:mangrove_door,2
minecraft:bamboo_door,1
minecraft:crimson_door,2
minecraft:warped_door,2
minecraft:copper_door,4
minecraft:exposed_copper_door,4
minecraft:weathered_copper_door,4
minecraft:oxidized_copper_door,4
minecraft:waxed_copper_door,4
minecraft:waxed_exposed_copper_door,4
minecraft:waxed_weathered_copper_door,4
minecraft:waxed_oxidized_copper_door,4
minecraft:iron_trapdoor,2
minecraft:oak_trapdoor,1
minecraft:spruce_trapdoor,1
minecraft:birch_trapdoor,1
minecraft:jungle_trapdoor,1
minecraft:acacia_trapdoor,1
minecraft:cherry_trapdoor,1
minecraft:dark_oak_trapdoor,1
minecraft:mangrove_trapdoor,2
minecraft:bamboo_trapdoor,1
minecraft:crimson_trapdoor,2
minecraft:warped_trapdoor,2
minecraft:copper_trapdoor,4
minecraft:exposed_copper_trapdoor,4
minecraft:weathered_copper_trapdoor,4
minecraft:oxidized_copper_trapdoor,4
minecraft:waxed_copper_trapdoor,4
minecraft:waxed_exposed_copper_trapdoor,4
minecraft:waxed_weathered_copper_trapdoor,4
minecraft:waxed_oxidized_copper_trapdoor,4
minecraft:oak_fence_gate,1
minecraft:spruce_fence_gate,1
minecraft:birch_fence_gate,1
minecraft:jungle_fence_gate,1
minecraft:acacia_fence_gate,1
minecraft:cherry_fence_gate,1
minecraft:dark_oak_fence_gate,1
minecraft:mangrove_fence_gate,2
minecraft:bamboo_fence_gate,1
minecraft:crimson_fence_gate,2
minecraft:warped_fence_gate,2
minecraft:powered_rail,2
minecraft:detector_rail,2
minecraft:rail,1
minecraft:activator_rail,2
minecraft:saddle,2
minecraft:minecart,2
minecraft:chest_minecart,2
minecraft:furnace_minecart,2
minecraft:tnt_minecart,2
minecraft:hopper_minecart,2
minecraft:carrot_on_a_stick,1
minecraft:warped_fungus_on_a_stick,2
minecraft:elytra,5
minecraft:oak_boat,1
minecraft:oak_chest_boat,1
minecraft:spruce_boat,1
minecraft:spruce_chest_boat,1
minecraft:birch_boat,1
minecraft:birch_chest_boat,1
minecraft:jungle_boat,1
minecraft:jungle_chest_boat,1
minecraft:acacia_boat,1
minecraft:acacia_chest_boat,1
minecraft:cherry_boat,1
minecraft:cherry_chest_boat,1
minecraft:dark_oak_boat,1
minecraft:dark_oak_chest_boat,1
minecraft:mangrove_boat,2
minecraft:mangrove_chest_boat,2
minecraft:bamboo_raft,1
minecraft:bamboo_chest_raft,1
minecraft:turtle_helmet,2
minecraft:turtle_scute,2
minecraft:armadillo_scute,2
minecraft:wolf_armor,2
minecraft:flint_and_steel,1
minecraft:bowl,1
minecraft:apple,1
minecraft:bow,1
minecraft:arrow,1
minecraft:coal,2
minecraft:charcoal,2
minecraft:diamond,2
minecraft:emerald,2
minecraft:lapis_lazuli,2
minecraft:quartz,2
minecraft:amethyst_shard,2
minecraft:raw_iron,2
minecraft:iron_ingot,2
minecraft:raw_copper,2
minecraft:copper_ingot,2
minecraft:raw_gold,2
minecraft:gold_ingot,2
minecraft:netherite_ingot,4
minecraft:netherite_scrap,4
minecraft:wooden_sword,1
minecraft:wooden_shovel,1
minecraft:wooden_pickaxe,1
minecraft:wooden_axe,1
minecraft:wooden_hoe,1
minecraft:stone_sword,1
minecraft:stone_shovel,1
minecraft:stone_pickaxe,1
minecraft:stone_axe,1
minecraft:stone_hoe,1
minecraft:golden_sword,2
minecraft:golden_shovel,2
minecraft:golden_pickaxe,2
minecraft:golden_axe,2
minecraft:golden_hoe,2
minecraft:iron_sword,2
minecraft:iron_shovel,2
minecraft:iron_pickaxe,2
minecraft:iron_axe,2
minecraft:iron_hoe,2
minecraft:diamond_sword,2
minecraft:diamond_shovel,2
minecraft:diamond_pickaxe,2
minecraft:diamond_axe,2
minecraft:diamond_hoe,2
minecraft:netherite_sword,4
minecraft:netherite_shovel,4
minecraft:netherite_pickaxe,4
minecraft:netherite_axe,4
minecraft:netherite_hoe,4
minecraft:stick,1
minecraft:mushroom_stew,1
minecraft:string,1
minecraft:feather,1
minecraft:gunpowder,2
minecraft:wheat_seeds,1
minecraft:wheat,1
minecraft:bread,1
minecraft:leather_helmet,1
minecraft:leather_chestplate,1
minecraft:leather_leggings,1
minecraft:leather_boots,1
minecraft:chainmail_helmet,2
minecraft:chainmail_chestplate,2
minecraft:chainmail_leggings,2
minecraft:chainmail_boots,2
minecraft:iron_helmet,2
minecraft:iron_chestplate,2
minecraft:iron_leggings,2
minecraft:iron_boots,2
minecraft:diamond_helmet,2
minecraft:diamond_chestplate,2
minecraft:diamond_leggings,2
minecraft:diamond_boots,2
minecraft:golden_helmet,2
minecraft:golden_chestplate,2
minecraft:golden_leggings,2
minecraft:golden_boots,2
minecraft:netherite_helmet,4
minecraft:netherite_chestplate,4
minecraft:netherite_leggings,4
minecraft:netherite_boots,4
minecraft:flint,1
minecraft:porkchop,1
minecraft:cooked_porkchop,1
minecraft:painting,1
minecraft:golden_apple,2
minecraft:enchanted_golden_apple,4
minecraft:oak_sign,1
minecraft:spruce_sign,1
minecraft:birch_sign,1
minecraft:jungle_sign,1
minecraft:acacia_sign,1
minecraft:cherry_sign,1
minecraft:dark_oak_sign,1
minecraft:mangrove_sign,2
minecraft:bamboo_sign,1
minecraft:crimson_sign,2
minecraft:warped_sign,2
minecraft:oak_hanging_sign,1
minecraft:spruce_hanging_sign,1
minecraft:birch_hanging_sign,1
minecraft:jungle_hanging_sign,1
minecraft:acacia_hanging_sign,1
minecraft:cherry_hanging_sign,1
minecraft:dark_oak_hanging_sign,1
minecraft:mangrove_hanging_sign,2
minecraft:bamboo_hanging_sign,1
minecraft:crimson_hanging_sign,2
minecraft:warped_hanging_sign,2
minecraft:bucket,1
minecraft:water_bucket,1
minecraft:lava_bucket,1
minecraft:powder_snow_bucket,1
minecraft:snowball,1
minecraft:leather,1
minecraft:milk_bucket,1
minecraft:pufferfish_bucket,1
minecraft:salmon_bucket,1
minecraft:cod_bucket,1
minecraft:tropical_fish_bucket,1
minecraft:axolotl_bucket,1
minecraft:tadpole_bucket,1
minecraft:brick,1
minecraft:clay_ball,1
minecraft:dried_kelp_block,1
minecraft:paper,1
minecraft:book,1
minecraft:slime_ball,1
minecraft:egg,1
minecraft:compass,2
minecraft:recovery_compass,4
minecraft:bundle,1
minecraft:fishing_rod,1
minecraft:clock,2
minecraft:spyglass,2
minecraft:glowstone_dust,3
minecraft:cod,1
minecraft:salmon,1
minecraft:tropical_fish,1
minecraft:pufferfish,1
minecraft:cooked_cod,1
minecraft:cooked_salmon,1
minecraft:ink_sac,1
minecraft:glow_ink_sac,2
minecraft:cocoa_beans,1
minecraft:white_dye,1
minecraft:orange_dye,1
minecraft:magenta_dye,1
minecraft:light_blue_dye,1
minecraft:yellow_dye,1
minecraft:lime_dye,1
minecraft:pink_dye,1
minecraft:gray_dye,1
minecraft:light_gray_dye,1
minecraft:cyan_dye,1
minecraft:purple_dye,1
minecraft:blue_dye,1
minecraft:brown_dye,1
minecraft:green_dye,1
minecraft:red_dye,1
minecraft:black_dye,1
minecraft:bone_meal,1
minecraft:bone,1
minecraft:sugar,1
minecraft:cake,1
minecraft:white_bed,1
minecraft:orange_bed,1
minecraft:magenta_bed,1
minecraft:light_blue_bed,1
minecraft:yellow_bed,1
minecraft:lime_bed,1
minecraft:pink_bed,1
minecraft:gray_bed,1
minecraft:light_gray_bed,1
minecraft:cyan_bed,1
minecraft:purple_bed,1
minecraft:blue_bed,1
minecraft:brown_bed,1
minecraft:green_bed,1
minecraft:red_bed,1
minecraft:black_bed,1
minecraft:cookie,1
minecraft:crafter,1
minecraft:shears,1
minecraft:melon_slice,1
minecraft:dried_kelp,1
minecraft:pumpkin_seeds,1
minecraft:melon_seeds,1
minecraft:beef,1
minecraft:cooked_beef,1
minecraft:chicken,1
minecraft:cooked_chicken,1
minecraft:rotten_flesh,1
minecraft:ender_pearl,2
minecraft:blaze_rod,4
minecraft:ghast_tear,4
minecraft:gold_nugget,2
minecraft:nether_wart,2
minecraft:potion,2
minecraft:glass_bottle,1
minecraft:spider_eye,2
minecraft:fermented_spider_eye,2
minecraft:blaze_powder,4
minecraft:magma_cream,4
minecraft:brewing_stand,4
minecraft:cauldron,2
minecraft:ender_eye,4
minecraft:glistering_melon_slice,2
minecraft:experience_bottle,3
minecraft:fire_charge,4
minecraft:wind_charge,4
minecraft:mace,2
minecraft:item_frame,1
minecraft:glow_item_frame,3
minecraft:flower_pot,1
minecraft:carrot,1
minecraft:potato,1
minecraft:baked_potato,1
minecraft:poisonous_potato,1
minecraft:map,2
minecraft:golden_carrot,2
minecraft:skeleton_skull,4
minecraft:wither_skeleton_skull,4
minecraft:player_head,4
minecraft:zombie_head,4
minecraft:creeper_head,4
minecraft:dragon_head,5
minecraft:piglin_head,4
minecraft:nether_star,4
minecraft:pumpkin_pie,1
minecraft:firework_rocket,1
minecraft:firework_star,1
minecraft:enchanted_book,2
minecraft:nether_brick,3
minecraft:prismarine_shard,2
minecraft:prismarine_crystals,2
minecraft:rabbit,1
minecraft:cooked_rabbit,1
minecraft:rabbit_stew,1
minecraft:rabbit_foot,1
minecraft:rabbit_hide,1
minecraft:armor_stand,1
minecraft:iron_horse_armor,2
minecraft:golden_horse_armor,2
minecraft:diamond_horse_armor,2
minecraft:leather_horse_armor,2
minecraft:lead,1
minecraft:name_tag,2
minecraft:mutton,1
minecraft:cooked_mutton,1
minecraft:white_banner,1
minecraft:orange_banner,1
minecraft:magenta_banner,1
minecraft:light_blue_banner,1
minecraft:yellow_banner,1
minecraft:lime_banner,1
minecraft:pink_banner,1
minecraft:gray_banner,1
minecraft:light_gray_banner,1
minecraft:cyan_banner,1
minecraft:purple_banner,1
minecraft:blue_banner,1
minecraft:brown_banner,1
minecraft:green_banner,1
minecraft:red_banner,1
minecraft:black_banner,1
minecraft:end_crystal,5
minecraft:chorus_fruit,5
minecraft:popped_chorus_fruit,5
minecraft:torchflower_seeds,3
minecraft:pitcher_pod,2
minecraft:beetroot,1
minecraft:beetroot_seeds,1
minecraft:beetroot_soup,1
minecraft:dragon_breath,5
minecraft:splash_potion,2
minecraft:spectral_arrow,2
minecraft:tipped_arrow,2
minecraft:lingering_potion,2
minecraft:shield,1
minecraft:totem_of_undying,4
minecraft:shulker_shell,5
minecraft:iron_nugget,1
minecraft:knowledge_book,4
minecraft:music_disc_13,4
minecraft:music_disc_cat,4
minecraft:music_disc_blocks,4
minecraft:music_disc_chirp,4
minecraft:music_disc_creator,4
minecraft:music_disc_creator_music_box,4
minecraft:music_disc_far,4
minecraft:music_disc_mall,4
minecraft:music_disc_mellohi,4
minecraft:music_disc_stal,4
minecraft:music_disc_strad,4
minecraft:music_disc_ward,4
minecraft:music_disc_11,4
minecraft:music_disc_wait,4
minecraft:music_disc_otherside,4
minecraft:music_disc_relic,4
minecraft:music_disc_5,4
minecraft:music_disc_pigstep,4
minecraft:music_disc_precipice,4
minecraft:disc_fragment_5,4
minecraft:trident,2
minecraft:phantom_membrane,2
minecraft:nautilus_shell,3
minecraft:heart_of_the_sea,4
minecraft:crossbow,2
minecraft:suspicious_stew,1
minecraft:loom,1
minecraft:flower_banner_pattern,1
minecraft:creeper_banner_pattern,1
minecraft:skull_banner_pattern,4
minecraft:mojang_banner_pattern,4
minecraft:globe_banner_pattern,4
minecraft:piglin_banner_pattern,4
minecraft:flow_banner_pattern,1
minecraft:guster_banner_pattern,4
minecraft:goat_horn,2
minecraft:composter,1
minecraft:barrel,1
minecraft:smoker,1
minecraft:blast_furnace,2
minecraft:cartography_table,1
minecraft:fletching_table,1
minecraft:grindstone,1
minecraft:smithing_table,2
minecraft:stonecutter,1
minecraft:bell,1
minecraft:lantern,1
minecraft:soul_lantern,2
minecraft:sweet_berries,1
minecraft:glow_berries,2
minecraft:campfire,1
minecraft:soul_campfire,2
minecraft:shroomlight,3
minecraft:honeycomb,1
minecraft:bee_nest,1
minecraft:beehive,1
minecraft:honey_bottle,1
minecraft:honeycomb_block,1
minecraft:lodestone,4
minecraft:crying_obsidian,3
minecraft:blackstone,2
minecraft:blackstone_slab,2
minecraft:blackstone_stairs,2
minecraft:gilded_blackstone,3
minecraft:polished_blackstone,2
minecraft:polished_blackstone_slab,2
minecraft:polished_blackstone_stairs,2
minecraft:chiseled_polished_blackstone,2
minecraft:polished_blackstone_bricks,2
minecraft:polished_blackstone_brick_slab,2
minecraft:polished_blackstone_brick_stairs,2
minecraft:cracked_polished_blackstone_bricks,2
minecraft:respawn_anchor,3
minecraft:candle,1
minecraft:white_candle,1
minecraft:orange_candle,1
minecraft:magenta_candle,1
minecraft:light_blue_candle,1
minecraft:yellow_candle,1
minecraft:lime_candle,1
minecraft:pink_candle,1
minecraft:gray_candle,1
minecraft:light_gray_candle,1
minecraft:cyan_candle,1
minecraft:purple_candle,1
minecraft:blue_candle,1
minecraft:brown_candle,1
minecraft:green_candle,1
minecraft:red_candle,1
minecraft:black_candle,1
minecraft:amethyst_cluster,2
minecraft:pointed_dripstone,1
minecraft:ochre_froglight,1
minecraft:verdant_froglight,1
minecraft:pearlescent_froglight,1
minecraft:frogspawn,1
minecraft:echo_shard,4
minecraft:brush,1
minecraft:netherite_upgrade_smithing_template,4
minecraft:sentry_armor_trim_smithing_template,4
minecraft:dune_armor_trim_smithing_template,4
minecraft:coast_armor_trim_smithing_template,4
minecraft:wild_armor_trim_smithing_template,4
minecraft:ward_armor_trim_smithing_template,4
minecraft:eye_armor_trim_smithing_template,4
minecraft:vex_armor_trim_smithing_template,4
minecraft:tide_armor_trim_smithing_template,4
minecraft:snout_armor_trim_smithing_template,4
minecraft:rib_armor_trim_smithing_template,4
minecraft:spire_armor_trim_smithing_template,4
minecraft:wayfinder_armor_trim_smithing_template,4
minecraft:shaper_armor_trim_smithing_template,4
minecraft:silence_armor_trim_smithing_template,4
minecraft:raiser_armor_trim_smithing_template,4
minecraft:host_armor_trim_smithing_template,4
minecraft:flow_armor_trim_smithing_template,4
minecraft:bolt_armor_trim_smithing_template,4
minecraft:angler_pottery_sherd,1
minecraft:archer_pottery_sherd,1
minecraft:arms_up_pottery_sherd,1
minecraft:blade_pottery_sherd,1
minecraft:brewer_pottery_sherd,1
minecraft:burn_pottery_sherd,1
minecraft:danger_pottery_sherd,1
minecraft:explorer_pottery_sherd,1
minecraft:flow_pottery_sherd,1
minecraft:friend_pottery_sherd,1
minecraft:guster_pottery_sherd,1
minecraft:heart_pottery_sherd,1
minecraft:heartbreak_pottery_sherd,1
minecraft:howl_pottery_sherd,1
minecraft:miner_pottery_sherd,1
minecraft:mourner_pottery_sherd,1
minecraft:plenty_pottery_sherd,1
minecraft:prize_pottery_sherd,1
minecraft:scrape_pottery_sherd,1
minecraft:sheaf_pottery_sherd,1
minecraft:shelter_pottery_sherd,1
minecraft:skull_pottery_sherd,1
minecraft:snort_pottery_sherd,1
minecraft:copper_grate,4
minecraft:exposed_copper_grate,4
minecraft:weathered_copper_grate,4
minecraft:oxidized_copper_grate,4
minecraft:waxed_copper_grate,4
minecraft:waxed_exposed_copper_grate,4
minecraft:waxed_weathered_copper_grate,4
minecraft:waxed_oxidized_copper_grate,4
minecraft:copper_bulb,4
minecraft:exposed_copper_bulb,4
minecraft:weathered_copper_bulb,4
minecraft:oxidized_copper_bulb,4
minecraft:waxed_copper_bulb,4
minecraft:waxed_exposed_copper_bulb,4
minecraft:waxed_weathered_copper_bulb,4
minecraft:waxed_oxidized_copper_bulb,4
minecraft:trial_spawner,4
minecraft:trial_key,4
minecraft:ominous_trial_key,4
minecraft:ominous_bottle,4
minecraft:breeze_rod,4
minecraft:tall_seagrass,1
minecraft:oak_wall_sign,1
minecraft:spruce_wall_sign,1
minecraft:birch_wall_sign,1
minecraft:acacia_wall_sign,1
minecraft:cherry_wall_sign,1
minecraft:jungle_wall_sign,1
minecraft:dark_oak_wall_sign,1
minecraft:mangrove_wall_sign,2
minecraft:bamboo_wall_sign,1
minecraft:oak_wall_hanging_sign,1
minecraft:spruce_wall_hanging_sign,1
minecraft:birch_wall_hanging_sign,1
minecraft:acacia_wall_hanging_sign,1
minecraft:cherry_wall_hanging_sign,1
minecraft:jungle_wall_hanging_sign,1
minecraft:dark_oak_wall_hanging_sign,1
minecraft:mangrove_wall_hanging_sign,2
minecraft:crimson_wall_hanging_sign,2
minecraft:warped_wall_hanging_sign,2
minecraft:bamboo_wall_hanging_sign,1
minecraft:pumpkin_stem,1
minecraft:melon_stem,1
minecraft:cocoa,1
minecraft:carrots,1
minecraft:potatoes,1
minecraft:beetroots,1
minecraft:frosted_ice,1
minecraft:kelp_plant,1
minecraft:dead_tube_coral_wall_fan,1
minecraft:dead_brain_coral_wall_fan,1
minecraft:dead_bubble_coral_wall_fan,1
minecraft:dead_fire_coral_wall_fan,1
minecraft:dead_horn_coral_wall_fan,1
minecraft:tube_coral_wall_fan,1
minecraft:brain_coral_wall_fan,1
minecraft:bubble_coral_wall_fan,1
minecraft:fire_coral_wall_fan,1
minecraft:horn_coral_wall_fan,1
minecraft:bamboo_sapling,1
minecraft:potted_bamboo,1
minecraft:sweet_berry_bush,1
minecraft:weeping_vines_plant,1
minecraft:twisting_vines_plant,1
minecraft:crimson_wall_sign,2
minecraft:warped_wall_sign,2
minecraft:cave_vines,1
